feature,importance
LuasBangunan_m2,0.9144689378231032
JarakKePusat_km,0.05235344851067586
LuasTanah_m2,0.023618720990839892
UmurBangunan_thn,0.0037176208382189704
rasio_luas,0.003223185619794789
JmlKamarTidur,0.00261808621736752
