{
    "mse": 4276.425510637727,
    "rmse": 65.39438439680984,
    "mae": 45.876975799999805,
    "r2": 0.9961083770342375
}